,Timepoint,Tumor Volume (mm3)
0,0,45.0
472,5,45.65133131
679,10,43.2708519
719,15,43.78489343
933,20,42.731552
1268,25,43.26214483
1400,30,40.60533486
1547,35,37.96764437
1629,40,38.3797259
1764,45,38.98287774
